codigo_pv,distrito,concelho,freguesia,regiao_agraria,nut_iii,hayford_x,hayford_y,altitude_m,tipo_estrutura,altura_plataforma_m,fonte_energia,obstrucao_visibilidade,n_visadas,area_ardida_ha,risco_muito_alto_pct,risco_alto_pct,risco_medio_pct,risco_baixo_pct,risco_muito_baixo_pct,rede,lat,lon,coord_source,osm_name,osm_height,osm_height_viewpoint,osm_ele,osm_material,osm_ownership,osm_start_date,osm_website,osm_tower_construction
21-07,Aveiro,Castelo de Paiva,Raiva,Entre Douro e Minho,Tamega,182096,450722,413,Metálica,6,Painel Solar e Bateria,Média,61,34406,24.4,37,23.4,14.1,1,Primária,41.0253923,-8.3459938,Hayford_converted,,,,,,,,,
22-01,Aveiro,Arouca,Moldes,Entre Douro e Minho,Entre Douro e Vouga,189752,435140,1097,Alvenaria,6.7,Painel Solar e Bateria,Média,20,35260,28.2,36.8,19,14.9,1.2,Primária,40.8852159,-8.254705,Hayford_converted,,,,,,,,,
22-02,Aveiro,Vale de Cambra,Arões,,Entre Douro e Vouga,187815,430533,1044,Alvenaria,6.5,Painel Solar,Elevada,6,34074,26.8,34.5,20.2,17.2,1.3,Primária,40.8437046,-8.2775967,Hayford_converted,,,,,,,,,
22-03,Aveiro,Arouca,Alvarenga,Entre Douro e Minho,Entre Douro e Vouga,201349,443964,867,Metálica,6.5,Painel Solar e Bateria,Média,5,41645,34.6,41.9,16.2,7.1,0.1,Primária,40.9647082,-8.1169963,OSM,Posto de Vigia Corregos,10,8.0,872,metal,DRAEDM,,http://scrif.igeo.pt/ASP/pesque.asp?cod=50,lattice
22-04,Aveiro,Oliveira de Azeméis,Pindelo,,Entre Douro e Vouga,174654,435356,440,Metálica,8,Painel Solar,Reduzida,22,26593,22.9,31.5,21.7,22.3,1.6,Primária,40.8868652,-8.4339147,OSM,Posto de Vigia Pindelo,10,8.0,444,metal,DRAEDM,1995,http://scrif.igeo.pt/ASP/pesque.asp?cod=51,lattice
47-02,Aveiro,Serverdo Vouga,Talhadas,Beira Litoral,Baixo Vouga,181437,410980,498,Alvenaria,6,Painel Solar,Elevada,48,21747,18.8,30.4,21.3,27.9,1.5,Primária,40.6675133,-8.352642,Hayford_converted,,,,,,,,,
47-03,Aveiro,Albergaria-a-Velha,Albergaria-a-Velha,Beira Litoral,Baixo Vouga,171345,416515,207,Metálica,6,Painel Solar,Elevada,40,16032,17.7,26.1,22.6,31.8,1.8,Primária,40.7171014,-8.4722233,OSM,Posto de Vigia Senhora do Socorro,8,6.0,212,metal,DRABL,1987,http://scrif.igeo.pt/ASP/pesque.asp?cod=161,lattice
47-04,Aveiro,Águeda,Préstimo,Beira Litoral,Baixo Vouga,184624,404463,491,Metálica,10,Painel Solar,Reduzida,28,19517,17.7,32.5,19.8,28.6,1.4,Primária,40.6088696,-8.3148125,OSM,Posto de Vigia Tareja,12,10.0,494,metal,DRABL,1988,http://scrif.igeo.pt/ASP/pesque.asp?cod=162,lattice
47-05,Aveiro,Águeda,Agadão,Beira Litoral,Baixo Vouga,182795,399657,358,Metálica,6,Painel Solar,Muito Elevada,32,17355,15.6,32.1,19.6,31.2,1.5,Primária,40.5654416,-8.3362119,OSM,Posto de Vigia São Lourenço,8,6.0,362,metal,DRABL,1988,http://scrif.igeo.pt/ASP/pesque.asp?cod=163,lattice
61-01,Beja,Vidigueira,Vidigueira,Alentejo,Alentejo Central,230576,142171,409,Metálica,8.1,Electricidade,Média,6,,0,0.1,0.1,0.6,99.2,Primária,38.2460743,-7.7837758,OSM,Posto de Vigia Mendro,8,6.0,420,metal,DRAAL,1990,http://scrif.igeo.pt/ASP/pesque.asp?cod=196,lattice
61-02,Beja,Mértola,AlcariaRuiva,Alentejo,Baixo Alentejo,232740,81610,361,Metálica,4.3,Painel Solar,Reduzida,18,,0,0.5,0.8,1.9,96.8,Primária,37.7004036,-7.7618603,OSM,Posto de Vigia Alcaria Ruiva,6,4.0,370,metal,DRAAL,1991,http://scrif.igeo.pt/ASP/pesque.asp?cod=197,lattice
62-01,Beja,Moura,Amareleja,Alentejo,Baixo Alentejo,280767,138106,233,Alvenaria,7.1,Electricidade,Nula,2,,0,0,0.3,2.1,97.6,Primária,38.2063429,-7.2109656,Hayford_converted,,,,,,,,,
62-02,Beja,Moura,Restauração,Alentejo,Baixo Alentejo,297112,125164,397,Alvenaria,8.3,Electricidade,Nula,3,,0,0,0.5,3.5,96,Primária,38.0881578,-7.0261446,Hayford_converted,,,,,,,,,
63-03,Beja,Odemira,Vale de Santiago,Alentejo,Baixo Alentejo,174270,856559,281,Metálica,4.1,Painel Solar,Muito Elevada,2,,0,15.3,3.5,23.1,56.6,Primária,37.7370387,-8.4250035,OSM,Posto de Vigia Abutreira,6,4.0,258,metal,DRAAL,1987,http://scrif.igeo.pt/ASP/pesque.asp?cod=202,lattice
63-04,Beja,Odemira,Odemira (Sta.ia),Alentejo,Alentejo Litoral,162606,74432,280,Metálica,7.8,Painel Solar,Média,1,,1.8,27.3,4.3,26.7,39.8,Primária,37.6354821,-8.5565756,OSM,Posto de Vigia Gavião,10,8.0,280,metal,DRAAL,1994,http://scrif.igeo.pt/ASP/pesque.asp?cod=203,lattice
63-05,Beja,Odemira,S.Teotónio,Alentejo,Alentejo Litoral,156542,53537,452,Metálica,8,Painel Solar,Média,5,,2.1,31.9,4.9,33.2,28,Primária,37.4469453,-8.6242408,OSM,Posto de Vigia Algares,10,8.0,455,metal,DRAAL,1987,http://scrif.igeo.pt/ASP/pesque.asp?cod=204,lattice
63-06,Beja,Odemira,S. Luís,Alentejo,Alentejo Litoral,151348,82423,315,Alvenaria,5.4,Painel Solar,Reduzida,0,,2.2,22.2,4.6,32,39.1,Primária,37.7070054,-8.68481,Hayford_converted,,,,,,,,,
63-07,Beja,Odemira,S.tinhodas Amoreiras,Alentejo,Alentejo Litoral,177640,72129,391,Alvenaria,7.6,Painel Solar,Reduzida,0,,1.5,21.5,3.3,21.7,52.1,Primária,37.6152798,-8.386343,Hayford_converted,,,,,,,,,
69-01,Beja,Ourique,Santana da Serra,Alentejo,Baixo Alentejo,187749,51837,370,Metálica,3.9,Electricidade,Nula,6,,1.5,21.5,2.9,17.2,56.9,Primária,37.4326067,-8.2715548,OSM,Posto de Vigia Cegonhita,6,4.0,377,metal,DRAAL,1994,http://scrif.igeo.pt/ASP/pesque.asp?cod=216,lattice
69-02,Beja,Almodôvar,S.Barnabé,Alentejo,Baixo Alentejo,204691,44960,575,Metálica,6,Electricidade,Média,4,,1.4,16.2,2.3,7.8,72.2,Primária,37.3707213,-8.0801258,OSM,Posto de Vigia Mú,8,6.0,577,metal,DRAAL,1996,http://scrif.igeo.pt/ASP/pesque.asp?cod=217,lattice
P4,Beja,Odemira,S.Teotónio,Alentejo,Alentejo Litoral,147961,60170,212,Metálica,8,Painel Solar,Nula,3,,2.3,36.6,5.5,36.7,19,Secundária,37.5062493,-8.7213777,OSM,Posto de Vigia Portela,10,8.0,213,metal,PNSACV,1994,http://scrif.igeo.pt/ASP/pesque.asp?cod=243,lattice
0-82,Braga,Terras deBouro,Vilarda Veiga,Entre Douro e Minho,Cavado,198516,527339,834,Alvenaria,7.5,Painel Solar,Muito Elevada,8,,35.3,43,17.4,4.2,0,Primária,41.7154231,-8.1509834,OSM,Posto de Vigia Pedra Bela,12,9.0,846,masonry,PNPG,,http://scrif.igeo.pt/ASP/pesque.asp?cod=2,freestanding
0-84,Braga,Terras deBouro,Campo doGerês,Entre Douro e Minho,Cavado,199316,536845,958,Metálica,8,Painel Solar e Bateria,Reduzida,0,,36.6,43.3,15.3,4.7,0,Primária,41.8062289,-8.1398594,OSM,Posto de Vigia Calvos,10,8.0,929,metal,PNPG,1989,http://scrif.igeo.pt/ASP/pesque.asp?cod=3,lattice
26-01,Braga,Cabeceiras de Basto,Alvite,,Tamega,209035,502318,784,Metálica,4,Electricidade,Reduzida,57,,39.1,44.6,14.8,1.5,0,Primária,41.4900673,-8.0250277,OSM,Posto de Vigia Senhora da Ourada,8,6.0,795,metal,DRAEDM,,http://scrif.igeo.pt/ASP/pesque.asp?cod=72,lattice
26-02,Braga,Celoricode Basto,Carvalho,Entre Douro e Minho,Tamega,205866,489036,670,Metálica,8,Electricidade,Média,109,,37.3,43,17.5,2.2,0,Primária,41.3705029,-8.0630346,OSM,Posto de Vigia Senhora do Covelo,10,8.0,677,metal,DRAEDM,,http://scrif.igeo.pt/ASP/pesque.asp?cod=73,lattice
26-03,Braga,Fafe,Freitas,Entre Douro e Minho,Ave,192367,503769,600,Metálica,6,Electricidade,Média,74,,27.1,0,22.7,8.2,0.3,Primária,41.503213,-8.2244967,OSM,Posto de Vigia Santa Marinha,8,6.0,597,metal,DRAEDM,,http://scrif.igeo.pt/ASP/pesque.asp?cod=68,lattice
28-02,Braga,Vila Verde,Codeceda,Entre Douro e Minho,Cavado,172858,528872,721,Metálica,6.8,Painel Solar e Bateria,Média,90,,22.3,41.1,24.2,11.9,0.5,Primária,41.8310036,-8.7488247,OSM,Posto de Vigia Pedra Alçada,12,9.0,727,masonry,DRAEDM,,http://scrif.igeo.pt/ASP/pesque.asp?cod=63,freestanding
29-01,Braga,Vieira do Minho,Rivães,,Ave,207463,518842,1261,Alvenaria,7.5,Painel Solar,Média,26,,41.5,42.5,13.9,2.1,0,Primária,41.6388907,-8.0435629,OSM,Posto de Vigia Cabreira,11,9.0,1260,masonry,DRAEDM,,http://scrif.igeo.pt/ASP/pesque.asp?cod=66,freestanding
29-02,Braga,Póvoa deLanhoso,Rendufinho,Entre Douro e Minho,Ave,190561,517625,740,Metálica,5,Electricidade,Média,72,,29.2,42.1,21.2,7.2,0.2,Primária,41.6279515,-8.2464096,OSM,Posto de Vigia São Mamede,2,0.0,743,metal,DRAEDM,,http://scrif.igeo.pt/ASP/pesque.asp?cod=67,lattice
29-03,Braga,Barcelos,Tamel(Sta.Leocádia),Entre Douro e Minho,Cavado,154718,513160,480,Metálica,5,Painel Solar,Média,43,,15.2,36.9,30.6,16.6,0.6,Primária,41.5864918,-8.6761992,OSM,Posto de Vigia São Gonçalo,7,5.0,488,metal,DRAEDM,,http://scrif.igeo.pt/ASP/pesque.asp?cod=71,lattice
29-04,Braga,Braga,Esporões,Entre Douro e Minho,Cavado,178164,505029,561,Metálica,8,Painel Solar,Média,68,,21.2,41.4,26.2,10.7,0.4,Primária,41.5142544,-8.394706,OSM,Posto de Vigia Santa Marta,10,8.0,561,metal,DRAEDM,,http://scrif.igeo.pt/ASP/pesque.asp?cod=69,lattice
12-01,Bragança,Bragança,França,Trás-os-Montes,Alto Trás-os-Montes,314131,551938,1155,Alvenaria,5.3,Electricidade,Reduzida,77,,20.7,60.5,18.8,0,0,Primária,41.9286763,-6.7571435,Hayford_converted,,,,,,,,,
12-02,Bragança,Bragança,Deilão,Trás-os-Montes,Alto Trás-os-Montes,328060,543350,957,Alvenaria,5,Electricidade,Reduzida,90,,15.3,55.5,29.2,0,0,Primária,41.8492517,-6.5911284,Hayford_converted,,,,,,,,,
12-03,Bragança,Bragança,Zóio,Trás-os-Montes,Alto Trás-os-Montes,305382,531539,1218,Metálica,5.6,Painel Solar,Elevada,90,,23.4,60.4,16.2,0,0,Primária,41.7462498,-6.8662299,OSM,Posto de Vigia de Nogueira,6,4.0,1218,metal,DRATM,1996,http://scrif.igeo.pt/ASP/pesque.asp?cod=13,lattice
12-04,Bragança,Vinhais,Travanca,Trás-os-Montes,Alto Trás-os-Montes,293684,550096,1271,Alvenaria,4.7,Electricidade,Média,121,,28.6,62.1,9.2,0,0,Primária,41.9147838,-7.0038964,Hayford_converted,,,,,,,,,
12-05,Bragança,Vinhais,Vale de Janeiro,Trás-os-Montes,Alto Trás-os-Montes,286339,533601,770,Metálica,6,Painel Solar,Nula,256,,37.3,56.2,6.5,0,0,Primária,41.7671366,-7.0948171,Hayford_converted,,,,,,,,,
15-01,Bragança,Macedo de Cavaleiros,Grijóde Vale Benfeito,Trás-os-Montes,Alto Trás-os-Montes,299097,500953,1172,Alvenaria,5.7,Painel Solar,Média,226,,31.4,55,13.6,0,0,Primária,41.4717645,-6.9468163,Hayford_converted,,,,,,,,,
16-01,Bragança,Mogadouro,Mogadouro,Trás-os-Montes,Alto Trás-os-Montes,317405,484140,905,Metálica,6,Painel Solar,Reduzida,110,,21.1,55.8,23.1,0,0,Primária,41.3179791,-6.7309914,OSM,Posto de Vigia Mogadouro,6,4.0,918,metal,DRATM,1989,http://scrif.igeo.pt/ASP/pesque.asp?cod=25,lattice
16-02,Bragança,Vimioso,Vimioso,Trás-os-Montes,Alto Trás-os-Montes,334509,513428,767,Metálica,7.3,Electricidade,Média,140,,16.4,54.6,29.1,0,0,Primária,41.5788758,-6.5203179,OSM,Posto de Vigia Vimioso,8,6.0,771,metal,DRATM,1990,http://scrif.igeo.pt/ASP/pesque.asp?cod=26,lattice
16-03,Bragança,Miranda do Douro,Constantim,Trás-os-Montes,Alto Trás-os-Montes,356538,519877,897,Metálica,4,Painel Solar,Reduzida,46,,9.8,44.7,45.5,0,0,Primária,41.6329229,-6.2545299,OSM,Posto de Vigia Miranda do Douro,6,4.0,893,metal,DRATM,1993,http://scrif.igeo.pt/ASP/pesque.asp?cod=27,lattice
17-01,Bragança,CarrazedadeAnsiães,Amedo,Trás-os-Montes,Douro,269129,477010,890,Metálica,4,Electricidade,Média,179,,53.9,43.4,2.8,0,0,Primária,41.2593786,-7.3082575,OSM,Posto de Vigia Samorinha,6,4.0,897,metal,DRATM,1986,http://scrif.igeo.pt/ASP/pesque.asp?cod=28,lattice
17-02,Bragança,Torre deMoncorvo,Felgueiras,Trás-os-Montes,Douro,293575,467010,910,Metálica,4.3,Painel Solar,Nula,234,,41.5,48.9,9.6,0,0,Primária,41.1668493,-7.0181457,OSM,Posto de Vigia Serra do Reboredo,6,4.0,909,metal,DRATM,1995,http://scrif.igeo.pt/ASP/pesque.asp?cod=29,lattice
32-01,Castelo Branco,Covilhã,Sarzedo,Beira Interior,Cova da Beira,259725,376384,1006,Alvenaria,7,Painel Solar,Reduzida,194,,71.1,24.1,4.7,0.1,0,Primária,40.3540335,-7.4300901,OSM,Posto de Vigia Sarzedo,9,6.3,1008,masonry,DRABI,1964,http://scrif.igeo.pt/ASP/pesque.asp?cod=74,freestanding
32-02,Castelo Branco,Fundão,Alcongosta,Beira Interior,Cova da Beira,253862,348770,1153,Alvenaria,6.5,Painel Solar,Reduzida,247,,58,31.4,5.8,4.3,0.5,Primária,40.1057888,-7.5013813,OSM,Posto de Vigia Alcongosta,9,6.3,1162,masonry,DRABI,1974,http://scrif.igeo.pt/ASP/pesque.asp?cod=75,freestanding
32-03,Castelo Branco,Covilhã,Covilhã(S.tinho),Beira Interior,Cova da Beira,250740,369310,1300,Alvenaria,7,Electricidade,Reduzida,132,,66.6,27.9,5.3,0.1,0,Primária,40.2909354,-7.5363899,Hayford_converted,,,,,,,,,
32-05,Castelo Branco,Belmonte,Belmonte,Beira Interior,Cova da Beira,265826,375023,720,Metálica,4,Electricidade,Reduzida,73,,70.9,22,6.6,0.4,0.1,Primária,40.3412824,-7.3583542,OSM,Posto de Vigia Serra da Esperança,8,6.0,715,masonry,DRABI,1990,http://scrif.igeo.pt/ASP/pesque.asp?cod=78,freestanding
32-06,Castelo Branco,Penamacor,Penamacor,Beira Interior,Beira Interior Sul,276035,360009,800,Metálica,10,Painel Solar,Elevada,26,,60.2,23.5,8.8,5.1,2.5,Primária,40.2053411,-7.2399633,OSM,Posto de Vigia Santa Marta,12,10.0,804,metal,DRABI,1992,http://scrif.igeo.pt/ASP/pesque.asp?cod=79,lattice
36-01,Castelo Branco,Fundão,Bogas de Baixo,Beira Interior,Cova da Beira,236035,340004,1093,Metálica,4,Painel Solar,Média,43,,52.2,42,5.2,0.6,0,Primária,40.0278309,-7.7108909,OSM,Posto de Vigia Zibreiro,7,4.0,1094,metal,DRABI,1987,http://scrif.igeo.pt/ASP/pesque.asp?cod=93,lattice
36-02,Castelo Branco,Oleiros,Estreito,Beira Interior,Pinhal Interior Sul,225842,330970,857,Metálica,4,Painel Solar,Reduzida,14,,42.8,51.9,5.2,0.2,0,Primária,39.9468275,-7.8306911,OSM,Posto de Vigia Casinhas,7,4.0,860,metal,DRABI,1980,http://scrif.igeo.pt/ASP/pesque.asp?cod=95,lattice
36-03,Castelo Branco,Oleiros,Oleiros,Beira Interior,Pinhal Interior Sul,215785,330555,963,Alvenaria,5,Painel Solar,Média,7,,38.4,51.3,9.7,0.6,0,Primária,39.9433015,-7.9484112,Hayford_converted,,,,,,,,,
36-04,Castelo Branco,Sertã,PedrógãoPequeno,Beira Interior,Pinhal Interior Sul,207394,326730,893,Alvenaria,5,Painel Solar,Média,65,,35,47.3,14.3,3.4,0,Primária,39.9089672,-8.0466339,Hayford_converted,,,,,,,,,
36-05,Castelo Branco,Sertã,Bonjardim,Beira Interior,Pinhal Interior Sul,191965,314540,485,Alvenaria,8.5,Electricidade,Média,23,,23.9,46,17.5,12.5,0.1,Primária,39.7991084,-8.2268753,OSM,Posto de Vigia Casal Madalena,15,8.6,486,,DRABI,1985,http://scrif.igeo.pt/ASP/pesque.asp?cod=98,
36-06,Castelo Branco,Sertã,Ermida,Beira Interior,Pinhal Interior Sul,217393,319711,1060,Alvenaria,5.2,Electricidade,Reduzida,84,,35.2,57.7,6.8,0.2,0,Primária,39.8456071,-7.9298845,Hayford_converted,,,,,,,,,
36-07,Castelo Branco,Proença-a-Nova,Proença-a-Nova,Beira Interior,Pinhal Interior Sul,211659,309135,633,Metálica,5.2,Painel Solar,Reduzida,38,,28.8,59.6,9.7,1.8,0,Primária,39.7504183,-7.9969807,OSM,Posto de Vigia Vergão,9,6.1,659,metal,DRABI,1980,http://scrif.igeo.pt/ASP/pesque.asp?cod=100,lattice
36-08,Castelo Branco,Proença-a-Nova,Montes da Senhora,Beira Interior,Pinhal Interior Sul,230685,311792,610,Metálica,4.8,Painel Solar,Reduzida,86,,33.5,63.6,1.5,1.4,0,Primária,39.7739155,-7.7749193,OSM,Posto de Vigia Chão Galego,16,4.1,618,metal,DRABI,1987,http://scrif.igeo.pt/ASP/pesque.asp?cod=101,lattice
39-01,Castelo Branco,Castelo Branco,Retaxo,Beira Interior,Pinhal Interior Sul,247321,311233,481,Metálica,10,Painel Solar,Reduzida,135,,31.7,57.6,3.9,6.4,0.3,Primária,39.7681234,-7.5808452,OSM,Posto de Vigia Olelas,12,10.0,482,metal,DRABI,1990,http://scrif.igeo.pt/ASP/pesque.asp?cod=107,lattice
39-02,Castelo Branco,Idanha-a-Nova,Idanha-a-Nova,Beira Interior,Pinhal Interior Sul,275502,329754,500,Metálica,5,Painel Solar,Reduzida,122,,37.4,40.5,9.2,9.9,3,Primária,39.9328349,-7.2498783,OSM,Posto de Vigia São Gens,6,4.0,506,metal,DRABI,1987,http://scrif.igeo.pt/ASP/pesque.asp?cod=108,lattice
39-03,Castelo Branco,Idanha-a-Nova,Penha Garcia,Beira Interior,Pinhal Interior Sul,299011,340429,818,Alvenaria,5,Painel Solar,Reduzida,38,,34.3,33.1,15.4,13.2,4,Primária,40.0263413,-6.97334,OSM,Posto de Vigia Vaca,5,2.9,828,masonry,DRABI,1987,http://scrif.igeo.pt/ASP/pesque.asp?cod=109,freestanding
39-04,Castelo Branco,Castelo Branco,Monforte da Beira,Beira Interior,Pinhal Interior Sul,272468,306952,450,Metálica,4.1,Painel Solar,Nula,98,,20.8,56.7,9,10.4,3.1,Primária,39.7279023,-7.2878939,OSM,Posto de Vigia Castelo,6,4.2,457,metal,DRABI,1990,http://scrif.igeo.pt/ASP/pesque.asp?cod=110,lattice
39-05,Castelo Branco,Penamacor,Penamacor,Beira Interior,Pinhal Interior Sul,290157,347142,764,Alvenaria,5.5,Painel Solar,Média,145,,43.1,30.7,12.6,10.4,3.2,Primária,40.0880034,-7.0760385,OSM,Posto de Vigia Portucel-Salvador,9,6.0,768,masonry,PORTUCEL,1985,http://scrif.igeo.pt/ASP/pesque.asp?cod=111,freestanding
39-06,Castelo Branco,Vila Velha de Rodão,Vila Velha de Rodão,Beira Interior,Pinhal Interior Sul,237108,301187,566,Metálica,2.8,Painel Solar,Reduzida,11,,25.5,68.2,3.3,3,0,Primária,39.6780458,-7.7005239,OSM,Posto de Vigia Penedo Gordo,6,2.8,560,metal,CM V. VELHA RODÃO,1996,http://scrif.igeo.pt/ASP/pesque.asp?cod=112,lattice
32-04,Coimbra,Pampilhosa da Serra,Unhais-o-Velho,Beira Litoral,Pinhal Interior-Norte,230552,353107,1084,Metálica,8,Painel Solar,Reduzida,86,,0,34.5,9.8,0.2,0,Primária,40.1460485,-7.7745881,OSM,Posto de Vigia Serra do Chiqueiro,10,8.0,1086,metal,DRABI,1994,http://scrif.igeo.pt/ASP/pesque.asp?cod=77,lattice
41-01,Coimbra,Pampilhosa da Serra,Pessegueiro,Beira Litoral,Pinhal Interior-Norte,211181,349553,1027,Alvenaria,6.7,Painel Solar,Reduzida,35,,41.8,37.7,14.9,5.7,0,Primária,40.1144708,-8.0019548,Hayford_converted,,,,,,,,,
41-02,Coimbra,Arganil,Teixeira,Beira Litoral,Pinhal Interior-Norte,214689,359570,966,Alvenaria,7,Painel Solar,Reduzida,98,,47.5,33.3,14,5.2,0,Primária,40.204628,-7.9605791,Hayford_converted,,,,,,,,,
41-03,Coimbra,Pampilhosa da Serra,Pampilhosa da Serra,Beira Litoral,Pinhal Interior-Norte,214071,339013,791,Metálica,6.4,Painel Solar,Reduzida,15,,40.3,44.7,12.6,2.3,0,Primária,40.0194485,-7.968203,OSM,Posto de Vigia Vale Serrão,8,6.0,794,metal,DRABL,1981,http://scrif.igeo.pt/ASP/pesque.asp?cod=116,lattice
41-04,Coimbra,Arganil,Piódão,Beira Litoral,Pinhal Interior-Norte,226810,360819,1341,Metálica,4.5,Painel Solar,Reduzida,72,,55.4,32.4,11.9,0.4,0,Primária,40.215577,-7.8181625,Hayford_converted,,,,,,,,,
41-05,Coimbra,Arganil,Celavisa,Beira Litoral,Pinhal Interior-Norte,205987,355412,777,Metálica,6,Painel Solar,Reduzida,66,,42,31.8,15.4,10.8,0,Primária,40.1673138,-8.0628713,OSM,Posto de Vigia Rabadão,8,6.0,780,metal,DRABL,1982,http://scrif.igeo.pt/ASP/pesque.asp?cod=118,lattice
41-06,Coimbra,Arganil,Vila Cova de Alva,Beira Litoral,Pinhal Interior-Norte,219487,365062,773,Metálica,6,Painel Solar,Reduzida,98,,52.6,30.8,13.6,3.1,0,Primária,40.2540391,-7.9040785,OSM,Posto de Vigia Carvalhal,8,6.0,775,metal,DRABL,1999,http://scrif.igeo.pt/ASP/pesque.asp?cod=119,lattice
41-07,Coimbra,Oliveira do Hospital,Oliveira do Hospital,Beira Litoral,Pinhal Interior-Norte,224411,375099,572,Alvenaria,17.5,Electricidade,Nula,66,,56.9,29.5,12.4,1.2,0,Primária,40.3442465,-7.8458438,OSM,Posto de Vigia Catraia São Paio,22,20.0,575,metal,DRABL,1991,http://scrif.igeo.pt/ASP/pesque.asp?cod=120,lattice
41-08,Coimbra,Penacova,Sazes do lorvão,Beira Litoral,Baixo Mondego,185345,370589,470,Alvenaria,6,Electricidade,Média,38,,23.9,25.2,17.1,33.2,0.5,Primária,40.3038601,-8.3054891,Hayford_converted,,,,,,,,,
41-09,Coimbra,Vila Nova de Poiares,Lavegadas,Beira Litoral,Pinhal Interior-Norte,194080,362438,432,Metálica,4,Painel Solar,Reduzida,110,,32.8,27,16.4,23.7,0,Primária,40.230563,-8.2026672,Hayford_converted,,,,,,,,,
41-10,Coimbra,Vila Nova de Poiares,Arrifana,Beira Litoral,Pinhal Interior-Norte,185092,361750,457,Alvenaria,12,Electricidade,Média,132,,25,24.3,17.8,32.4,0.5,Primária,40.2241988,-8.3083267,OSM,Posto de Vigia Terreiro Santo António,14,10.5,458,masonry,CM VILA NOVA DE POIARES,1984,http://scrif.igeo.pt/ASP/pesque.asp?cod=114,freestanding
42-02,Coimbra,Miranda do Corvo,Vila Nova,Beira Litoral,Pinhal Interior-Norte,187973,342233,936,Metálica,8,Painel Solar,Média,158,,27.6,27.6,21.6,23.1,0.1,Primária,40.048991,-8.2754575,OSM,Posto de Vigia Chão do Bardo,10,8.0,941,metal,DRABL,1981,http://scrif.igeo.pt/ASP/pesque.asp?cod=124,lattice
42-05,Coimbra,Penela,Espinhal,Beira Litoral,Pinhal Interior-Norte,185963,337611,862,Metálica,,Painel Solar,Média,67,,25.6,28.1,22.4,23.7,0.2,Primária,40.0068295,-8.2976314,OSM,Posto de Vigia Malhadizes,6,4.0,863,metal,DRABL,1984,http://scrif.igeo.pt/ASP/pesque.asp?cod=127,tower
42-06,Coimbra,Miranda do Corvo,Semide,Beira Litoral,Pinhal Interior-Norte,181600,355320,411,Metálica,13,Painel Solar,Elevada,7,,22.6,23.5,20.2,33.1,0.6,Primária,40.1662402,-8.3491042,OSM,Posto de Vigia Chães,10,8.0,413,metal,DRABL,1984,http://scrif.igeo.pt/ASP/pesque.asp?cod=128,lattice
43-01,Coimbra,Figueira da Foz,Quiaios,Beira Litoral,Baixo Mondego,138591,358825,212,Metálica,8,Painel Solar,Elevada,51,,0.2,11.4,15,71.4,2,Primária,40.1958051,-8.8542743,OSM,Posto de Vigia Serra da Boa Viagem,10,8.0,214,metal,DRABL,1987,http://scrif.igeo.pt/ASP/pesque.asp?cod=131,lattice
43-02,Coimbra,Soure,Soure,Beira Litoral,Baixo Mondego,163262,345947,153,Metálica,6,Painel Solar,Nula,53,,11,22,23,42.9,1,Primária,40.0812336,-8.5638838,OSM,Posto de Vigia Cabeça Gorda,8,6.0,154,metal,DRABL,1988,http://scrif.igeo.pt/ASP/pesque.asp?cod=132,lattice
43-03,Coimbra,Figueira da Foz,Maiorca,Beira Litoral,Baixo Mondego,145089,355437,110,Metálica,5,Painel Solar,Média,49,,3,14,18.7,62.6,1.6,Primária,40.1657004,-8.7777029,OSM,Posto de Vigia Serra de São Bento,8,6.0,126,metal,DRABL,1991,http://scrif.igeo.pt/ASP/pesque.asp?cod=133,lattice
43-04,Coimbra,Mira,Seixo,Beira Litoral,Baixo Vouga,146840,393089,26,Alvenaria,7,Painel Solar,Nula,9,,5.6,11.8,13.8,65.5,3.3,Primária,40.5048617,-8.7602663,OSM,Posto de Vigia Areão,6,4.0,28,masonry,DRABL,1959,http://scrif.igeo.pt/ASP/pesque.asp?cod=134,freestanding
43-05,Coimbra,Cantanhede,Cantanhede,Beira Litoral,Baixo Mondego,158399,371258,121,Alvenaria,20,Electricidade,Média,37,,7.6,15.6,20.8,53.9,2.1,Primária,40.308909,-8.6225454,OSM,Posto de Vigia São Gião,25,25.0,122,metal,DRABL,1990,http://scrif.igeo.pt/ASP/pesque.asp?cod=135,lattice
43-06,Coimbra,Cantanhede,Tocha,Beira Litoral,Baixo Mondego,144174,377756,40,Metálica,7,Painel Solar,Reduzida,14,,1.1,11.4,13.1,71.2,3.2,Primária,40.3666774,-8.7903896,OSM,Posto de Vigia Palheiros da Tocha,10,8.0,40,wood,DRABL,1959,http://scrif.igeo.pt/ASP/pesque.asp?cod=136,lattice
63-08,Faro,Monchique,Monchique,Alentejo,Algarve,165368,46442,512,Alvenaria,5.2,Painel Solar,Muito Elevada,0,,1.9,29.7,4.4,28.9,35,Primária,37.3834659,-8.524126,Hayford_converted,,,,,,,,,
81-01,Faro,Tavira,Bispo,Algarve,Algarve,234961,30935,521,Metálica,4,Electricidade,Reduzida,24,,0,3.2,0.9,1.1,94.7,Primária,37.2435575,-7.7389492,OSM,Posto de Vigia Alcaria do Cume,6,4.0,525,metal,DRAALG,1989,http://scrif.igeo.pt/ASP/pesque.asp?cod=221,lattice
81-02,Faro,Castroim,Odeleite,Algarve,Algarve,255569,43547,163,Alvenaria,6.5,Painel Solar,Nula,10,,0,0,0,0,100,Primária,37.356298,-7.5056952,OSM,Posto de Vigia Terras da Ordem,8,6.0,169,masonry,DRAALG,1993,http://scrif.igeo.pt/ASP/pesque.asp?cod=222,freestanding
81-03,Faro,Alcoutim,Vaqueiros,Algarve,Algarve,238830,43359,328,Metálica,6,Painel Solar,Nula,4,,0,1.8,0.9,1.1,96.2,Primária,37.3554871,-7.6946774,OSM,Posto de Vigia Vaqueiros,8,6.0,320,metal,DRAALG,1999,http://scrif.igeo.pt/ASP/pesque.asp?cod=241,lattice
82-01,Faro,Monchique,Monchique,Algarve,Algarve,157407,38173,800,Metálica,4,Painel Solar,Reduzida,27,,2.4,36.5,5.5,33.1,22.7,Primária,37.3086951,-8.61348,OSM,Posto de Vigia Madrinha,6,4.0,803,metal,DRAALG,1985,http://scrif.igeo.pt/ASP/pesque.asp?cod=223,lattice
82-02,Faro,Monchique,Monchique,Algarve,Algarve,164643,38038,765,Metálica,6,Painel Solar,Reduzida,52,,2.1,32.8,4.9,29.3,30.3,Primária,37.307668,-8.5317443,OSM,Posto de Vigia de Picota,8,6.0,773,metal,DRAALG,1985,http://scrif.igeo.pt/ASP/pesque.asp?cod=224,lattice
82-03,Faro,Aljezur,Bordeira,Algarve,Algarve,142746,27699,246,Metálica,6,Painel Solar,Média,8,,3.6,50.3,5.3,27.1,13.7,Primária,37.2188408,-8.7796194,OSM,Posto de Vigia Poldra,8,6.0,249,metal,DRAALG,1987,http://scrif.igeo.pt/ASP/pesque.asp?cod=225,
83-01,Faro,Loulé,Salir,Algarve,Algarve,202590,38026,,Metálica,6,Painel Solar,Elevada,12,,1.7,18.7,2.5,7.4,69.7,Primária,37.3082808,-8.1038707,Hayford_converted,,,,,,,,,
83-02,Faro,Loulé,Salir,Algarve,Algarve,213374,33821,542,Metálica,4,Painel Solar,Reduzida,6,,0.4,15.2,1.8,3.9,78.7,Primária,37.2702444,-7.9822134,OSM,Posto de Vigia Zebro,6,4.0,542,metal,DRAALG,1985,http://scrif.igeo.pt/ASP/pesque.asp?cod=227,lattice
83-03,Faro,São Brás de Alportel,São Brás de Alportel,Algarve,Algarve,219580,27369,515,Metálica,6,Painel Solar,Reduzida,15,,0,12.3,1.4,2.4,83.8,Primária,37.2120811,-7.9123963,OSM,Posto de Vigia Menta,8,6.0,545,metal,DRAALG,1985,http://scrif.igeo.pt/ASP/pesque.asp?cod=228,lattice
P-1,Faro,Aljezur,Aljezur,Algarve,Algarve,139990,40321,112,Metálica,6,Painel Solar,Média,0,,3.2,45.8,5.3,36.5,9.2,Secundária,37.3270227,-8.8101657,Hayford_converted,,,,,,,,,
P-2,Faro,Aljezur,Aljezur,Algarve,Algarve,139023,33069,178,Metálica,12,Painel Solar,Elevada,0,,3.6,49.1,5.2,31.1,11,Secundária,37.261622,-8.8204802,Hayford_converted,,,,,,,,,
P-3,Faro,Vila do Bispo,Vila do Bispo,Algarve,Algarve,133715,19437,135,Metálica,10,Painel Solar,Nula,2,,5.1,53.5,4.9,23.4,13.2,Secundária,37.1384398,-8.8791025,Hayford_converted,,,,,,,,,
33-02,Guarda,Seia,Cabeça,Beira Interior,Serra da Estrela,234939,374265,1074,Metálica,6,Painel Solar,Reduzida,26,,62.9,26.9,10,0.2,0,Primária,40.3468469,-7.6939411,OSM,Posto de Vigia Castelo,8,6.0,1076,metal,DRABI,1982,http://scrif.igeo.pt/ASP/pesque.asp?cod=81,lattice
33-03,Guarda,Seia,Alcovo da Serra,Beira Interior,Serra da Estrela,236988,366304,1123,Metálica,4,Painel Solar,Média,14,,61.5,29,9.4,0.2,0,Primária,40.2645381,-7.6983173,OSM,Posto de Vigia Rebolo da Galga,6,4.0,1130,metal,DRABI,1984,http://scrif.igeo.pt/ASP/pesque.asp?cod=82,lattice
33-05,Guarda,Fornos de Algodres,Algodres,Beira Interior,Serra da Estrela,252112,408868,700,Metálica,6,Painel Solar,Média,149,,77.9,21.3,0.8,0,0,Primária,40.6469881,-7.5171222,OSM,Posto de Vigia Comborço,9,6.0,706,metal,DRABI,1996,http://scrif.igeo.pt/ASP/pesque.asp?cod=84,lattice
35-01,Guarda,Manteigas,Sameiro,Beira Interior,Beira Interior-Norte,257533,384897,1240,Alvenaria,6.8,Painel Solar,Reduzida,43,,74.6,22.4,2.9,0,0,Primária,40.4308554,-7.4551036,Hayford_converted,,,,,,,,,
35-02,Guarda,Manteigas,Manteigas (Sta.ia),Beira Interior,Beira Interior-Norte,252724,382560,1160,Alvenaria,8.2,Painel Solar,Elevada,15,,62,23.3,3.6,0,0,Primária,40.4101613,-7.5119804,OSM,Posto de Vigia São Lourenço,11,8.1,1170,masonry,DRABI,,http://scrif.igeo.pt/ASP/pesque.asp?cod=86,freestanding
35-03,Guarda,Sabugal,Quadrazais,Beira Interior,Beira Interior-Norte,294503,369743,1070,Alvenaria,6.6,Painel Solar,Reduzida,49,,62,19.2,12,4.2,2.7,Primária,40.2910383,-7.0217298,Hayford_converted,,,,,,,,,
35-04,Guarda,Sabugal,Souto,Beira Interior,Beira Interior-Norte,303667,373712,1132,Metálica,4,Painel Solar,Reduzida,28,,64.9,15,14.5,3.2,2.4,Primária,40.3257189,-6.9133268,OSM,Posto de Vigia Pedra do Homem,7,4.2,1135,metal,DRABI,,http://scrif.igeo.pt/ASP/pesque.asp?cod=88,lattice
35-05,Guarda,Gouveia,Mangualde da Serra,Beira Interior,Beira Interior-Norte,247758,382104,1530,Alvenaria,7.6,Electricidade,Média,4,,71.3,23,5.7,0,0,Primária,40.4063175,-7.5704582,OSM,Posto de Vigia Penhas Douradas,10,7.7,1450,masonry,DRABI,1987,http://scrif.igeo.pt/ASP/pesque.asp?cod=89,freestanding
35-06,Guarda,Guarda,Vale de Estrela,Beira Interior,Beira Interior-Norte,270919,394230,1061,Metálica,6,Painel Solar,Reduzida,65,,76,18.3,5.7,0,0,Primária,40.5222395,-7.2854865,OSM,Posto de Vigia Pedra do Vento,9,6.5,1052,metal,DRABI,1987,http://scrif.igeo.pt/ASP/pesque.asp?cod=90,lattice
35-07,Guarda,Guarda,Jarmelo (S. Pedro),Beira Interior,Beira Interior-Norte,284708,402791,942,Metálica,4.2,Electricidade,Reduzida,28,,78.9,12.6,8.5,0,0,Primária,40.5896524,-7.1324963,OSM,Posto de Vigia Jarmelo,7,4.2,943,metal,DRABI,1987,http://scrif.igeo.pt/ASP/pesque.asp?cod=91,lattice
35-08,Guarda,Almeida,Freixo,Beira Interior,Beira Interior-Norte,297058,403495,814,Metálica,4.3,Painel Solar,Média,31,,76.1,13,10.8,0,0,Primária,40.5928788,-6.9879037,OSM,Posto de Vigia Alto Leomil,7,4.2,815,metal,DRABI,1987,http://scrif.igeo.pt/ASP/pesque.asp?cod=92,lattice
37-01,Guarda,Trancoso,Trancoso (Sta.ia),Beira Interior,Beira Interior-Norte,422829,259910,985,Alvenaria,6.3,Electricidade,Média,111,,72.7,24.9,2.4,0,0,Primária,40.7722595,-7.4235012,OSM,Posto de Vigia Pisco,9,6.5,989,masonry,DRABI,1965,http://scrif.igeo.pt/ASP/pesque.asp?cod=103,freestanding
37-02,Guarda,Mêda,Mêda,Beira Interior,Beira Interior-Norte,273044,447470,791,Metálica,4.2,Electricidade,Muito Elevada,38,,63,31.5,5.5,0,0,Primária,40.9930858,-7.264975,OSM,Posto de Vigia Santa Columba,7,4.2,792,metal,DRABI,1986,http://scrif.igeo.pt/ASP/pesque.asp?cod=104,lattice
37-03,Guarda,Figueira de Castelo Rodrigo,Castelo Rodrigo,Beira Interior,Beira Interior-Norte,296243,433406,975,Metálica,5.3,Electricidade,Média,123,,63.3,26.2,10.4,0,0,Primária,40.8640189,-6.9915761,OSM,Posto de Vigia Marofa,7,4.2,976,metal,DRABI,1986,http://scrif.igeo.pt/ASP/pesque.asp?cod=105,lattice
37-04,Guarda,Pinhel,Pinhel,Beira Interior,Beira Interior-Norte,290175,423160,655,Alvenaria,15,Electricidade,Média,101,,70.7,20.1,9.2,0,0,Primária,40.7776745,-7.0609617,OSM,Posto de Vigia Pinhel,20,15.2,,,DRABI,1989,http://scrif.igeo.pt/ASP/pesque.asp?cod=106,
37-05,Guarda,Trancoso,Vilares,Beira Interior,Beira Interior-Norte,271278,419640,808,Metálica,6,Painel Solar,Reduzida,71,,76,18.7,5.3,0,0,Primária,40.7426253,-7.2893545,OSM,Posto de Vigia Broca,7,4.2,814,metal,DRABI,1998,http://scrif.igeo.pt/ASP/pesque.asp?cod=244,lattice
45-06,Guarda,Aguiar da Beira,Aguiar da Beira,Beira Interior,Beira Interior-Norte,245676,428692,853,Alvenaria,7,Painel Solar,Reduzida,56,,67.7,32.2,0.1,0,0,Primária,40.8259503,-7.5916552,Hayford_converted,,,,,,,,,
42-01,Leiria,Castanheirade Pêra,Coentral,Beira Litoral,Pinhal Interior -Norte,197502,345410,1190,Alvenaria,6.5,Electricidade,Média,52,113045,35,31,18.4,15.6,0,Primária,40.077229,-8.1623918,Hayford_converted,,,,,,,,,
42-03,Leiria,Figueiródos Vinhos,Figueiródos Vinhos,Beira Litoral,Pinhal Interior -Norte,187588,326805,541,Metálica,8,Electricidade,Muito Elevada,43,115069,25,35.1,20.1,19.7,0,Primária,39.9095522,-8.2783245,OSM,Posto de Vigia Alto do Pião,10,8.0,542,metal,DRABL,1981,http://scrif.igeo.pt/ASP/pesque.asp?cod=125,lattice
42-04,Leiria,Castanheira de Pêra,Castanheira de Pêra,Beira Litoral,Pinhal Interior -Norte,191213,337360,820,Metálica,4,Painel Solar,Reduzida,31,112294,29.5,30.4,21.6,18.4,0,Primária,39.9950047,-8.2374884,OSM,Posto de Vigia Ortiga,6,4.0,779,metal,DRABL,1981,http://scrif.igeo.pt/ASP/pesque.asp?cod=126,lattice
42-07,Leiria,Alvaiázere,Alvaiázere,Beira Litoral,Pinhal Interior -Norte,176220,317866,615,Alvenaria,6.5,Electricidade,Média,89,102113,16.3,36.5,19.4,27.2,0.6,Primária,39.8288335,-8.4108825,Hayford_converted,,,,,,,,,
42-08,Leiria,Pedrógrão Grande,Pedrógrão Grande,Beira Litoral,Pinhal Interior -Norte,197440,336357,724,Alvenaria,8,Painel Solar,Média,36,125316,32.2,34.4,19.7,12.7,0,Primária,39.9957216,-8.1630034,OSM,Posto de Vigia Muro,8,6.0,725,masonry,CM PEDRÓGÃO GRANDE,1993,http://scrif.igeo.pt/ASP/pesque.asp?cod=130,freestanding
44-01,Leiria,Leiria,Coimbrão,Beira Litoral,Pinhal Litoral,131708,327391,80,Alvenaria,13,Painel Solar,Reduzida,14,14962,0,19.5,23.5,55.6,1.4,Primária,39.9121978,-8.9317974,Hayford_converted,,,,,,,,,
44-02,Leiria,inha Grande,inha Grande,Beira Litoral,Pinhal Litoral,128274,318429,81,Alvenaria,13,Painel Solar,Reduzida,19,18750,0,18.9,26.9,52.9,1.3,Primária,39.8312084,-8.9709717,Hayford_converted,,,,,,,,,
44-03,Leiria,inha Grande,inha Grande,Beira Litoral,Pinhal Litoral,125397,311172,103,Alvenaria,13,Painel Solar,Média,6,20119,0,15.9,31.1,51.6,1.4,Primária,39.7656089,-9.0037508,Hayford_converted,,,,,,,,,
44-04,Leiria,Alcobaça,Pataias,Ribatejo e Oeste,Oeste,125579,305579,145,Alvenaria,13,Painel Solar,Média,22,20605,0,14.7,33.8,50.1,1.4,Primária,39.7152574,-9.0009945,Hayford_converted,,,,,,,,,
44-05,Leiria,Batalha,Reguengo do Fetal,Beira Litoral,Pinhal Litoral,146369,300622,434,Metálica,8,Painel Solar,Reduzida,48,48710,0.3,28.1,30.9,39.1,1.8,Primária,39.6723464,-8.7585701,OSM,Posto de Vigia Maunça,10,8.0,435,metal,DRABL,1992,http://scrif.igeo.pt/ASP/pesque.asp?cod=141,lattice
44-06,Leiria,Pombal,Guia,Beira Litoral,Pinhal Litoral,135617,332481,79,Alvenaria,10,Painel Solar,Média,17,12802,0.7,18.2,23,56.6,1.4,Primária,39.9583252,-8.8866285,OSM,Posto de Vigia Crasta Alta,13,10.2,86,masonry,DRABL,1970,http://scrif.igeo.pt/ASP/pesque.asp?cod=142,freestanding
44-07,Leiria,Pombal,Pombal,Beira Litoral,Pinhal Litoral,164859,328356,553,Metálica,4,Painel Solar,Média,135,62964,11.6,30.4,19.7,37.6,0.7,Primária,39.9204865,-8.5402765,OSM,Posto de Vigia Sicó,6,4.0,553,metal,DRABL,1986,http://scrif.igeo.pt/ASP/pesque.asp?cod=143,mast
51-01,Leiria,Nazaré,Nazaré,Ribatejo e Oeste,Oeste,121053,292046,152,Madeira,8.6,Painel Solar,Reduzida,65,6045,0,13.2,35.6,50.1,1.1,Primária,39.5929798,-9.0521538,Hayford_converted,,,,,,,,,
P-01,Leiria,Porto de Mós,Serro Ventoso,Beira Litoral,Pinhal Litoral,138302,289360,542,Metálica,4,Electricidade,Média,26,19831,0,20.2,34.1,42.8,3,Secundária,39.5702053,-8.8511188,Hayford_converted,,,,,,,,,
P-02,Leiria,Porto de Mós,Arrimal,Beira Litoral,Pinhal Litoral,135073,278181,524,Metálica,4,Painel Solar,Reduzida,151,19936,0,17.4,33.5,43.1,6,Secundária,39.4692883,-8.8876027,Hayford_converted,,,,,,,,,
52-01,Lisboa,Cadaval,Lamas,Ribatejo e Oeste,Oeste,120405,247127,571,Alvenaria,7,Painel Solar,Média,36,25809,0,9.1,29.7,37.8,22.7,Primária,39.1883634,-9.054404,OSM,Posto de Vigia Montejunto,12,10.0,573,masonry,DRARO,,http://scrif.igeo.pt/ASP/pesque.asp?cod=167,freestanding
52-02,Lisboa,Torres Vedras,Monte Redondo,Ribatejo e Oeste,Oeste,109010,238509,312,Metálica,6.2,Painel Solar,Reduzida,168,15477,0,2.9,30.5,43.2,22.6,Primária,39.1096554,-9.1850711,Hayford_converted,,,,,,,,,
52-03,Lisboa,Alenquer,Ota,Ribatejo e Oeste,Oeste,125098,238194,156,Alvenaria,5.8,Electricidade,Reduzida,101,25924,0,7.6,26.7,34.1,30.9,Primária,39.1083491,-8.9990584,Hayford_converted,,,,,,,,,
52-04,Lisboa,Mafra,Mafra,Ribatejo e Oeste,Oeste,99292,220561,350,Metálica,4,Painel Solar,Média,117,12516,0,1.3,25.9,44.1,27.6,Primária,38.9469672,-9.2947769,OSM,Posto de Vigia Tapada de Mafra,6,4.0,350,wood,DRARO,1988,http://scrif.igeo.pt/ASP/pesque.asp?cod=170,lattice
54-01,Lisboa,Cascais,Alcabideche,Ribatejo e Oeste,Grande Lisboa,89791,197249,155,Alvenaria,6.8,Electricidade,Média,163,6427,0,0.3,24.4,44.2,29.5,Primária,38.7358697,-9.4005912,Hayford_converted,,,,,,,,,
54-03,Lisboa,Sintra,Sintra (S.tinho),Ribatejo e Oeste,Grande Lisboa,88386,206211,127,Alvenaria,7.6,Electricidade,Reduzida,60,8142,0,0.6,25.4,47.7,24.7,Primária,38.8164025,-9.4181944,Hayford_converted,,,,,,,,,
54-04,Lisboa,Loures,Lousa,Ribatejo e Oeste,Grande Lisboa,107974,215059,405,Metálica,10.2,Electricidade,Nula,419,13454,0,1.1,22.2,38.2,37.5,Primária,38.8983012,-9.1938763,OSM,Posto de Vigia Cabeço Montachique,8,6.0,408,metal,CM LOURES,1997,http://scrif.igeo.pt/ASP/pesque.asp?cod=178,lattice
54-05,Lisboa,Sintra,Belas,Ribatejo e Oeste,Grande Lisboa,102151,203981,270,Madeira,4.1,Painel Solar,Elevada,112,11263,0,1,20.5,38.5,38.4,Primária,38.7979551,-9.2594214,Hayford_converted,,,,,,,,,
54-06,Lisboa,Cascais,Alcabideche,Ribatejo e Oeste,Grande Lisboa,86708,200431,400,Madeira,7.8,Painel Solar,Média,104,5833,0,0.3,25.8,47.3,24.8,Primária,38.7641358,-9.4365611,Hayford_converted,,,,,,,,,
64-02,Portalegre,Ponte de Sôr,Montargil,Alentejo,Alto Alentejo,217289,234378,235,Metálica,4,Electricidade,Elevada,16,24747,0,25.8,5,7.5,61.6,Primária,39.0771223,-8.1870847,OSM,Posto de Vigia Montargil,8,6.0,236,metal,DRAAL,1988,http://scrif.igeo.pt/ASP/pesque.asp?cod=209,lattice
64-03,Portalegre,Gavião,Gavião,Alentejo,Médio Tejo,195324,234378,285,Alvenaria,,Electricidade,,5,135051,10.2,66.7,6.3,5.1,11.6,Primária,39.4664412,-7.9320606,OSM,Posto de Vigia Gavião,12,10.0,280,,DRAAL,,http://scrif.igeo.pt/ASP/pesque.asp?cod=192,
65-01,Portalegre,Nisa,S. Simão,Alentejo,Alto Alentejo,243204,289816,462,Metálica,8,Electricidade,Reduzida,5,123349,16.7,71,5.2,5.2,1.8,Primária,39.575444,-7.6302154,OSM,Posto de Vigia São Miguel Nisa,10,8.0,460,metal,DRAAL,1992,http://scrif.igeo.pt/ASP/pesque.asp?cod=210,lattice
65-02,Portalegre,vão,S. Salvador da Aramenha,Alentejo,Alto Alentejo,266656,260894,1022,Metálica,8,Electricidade,Média,18,26746,5.1,46.6,11.4,65.2,17.5,Primária,39.3134594,-7.3602023,OSM,Posto de Vigia São Mamede,10,8.0,1080,metal,DRAAL,1992,http://scrif.igeo.pt/ASP/pesque.asp?cod=211,lattice
65-03,Portalegre,Alter do Chão,Alter do Chão,Alentejo,Alto Alentejo,244118,246900,404,Metálica,4,Electricidade,Reduzida,13,36499,3.3,39.8,8.1,12,36.9,Primária,39.1888735,-7.6223895,OSM,Posto de Vigia Alter Pedroso,8,6.0,413,metal,DRAAL,1992,http://scrif.igeo.pt/ASP/pesque.asp?cod=212,lattice
21,Porto,Amarante,Ansiães,Entre Douro e Minho,Tâmega,214888,477080,960,Alvenaria,6.5,Electricidade,Média,122,63447,47.7,41.2,11,0.1,0,Primária,41.2627887,-7.9554586,Hayford_converted,,,,,,,,,
21-01,Porto,Amarante,Fregim,Entre Douro e Minho,Tâmega,199670,476653,531,Metálica,8,Painel Solar e Bateria,Reduzida,50,53066,34.7,39.4,20.9,5,0.1,Primária,41.25908,-8.1370545,Hayford_converted,,,,,,,,,
21-03,Porto,co de Canaveses,Penha Longa,Entre Douro e Minho,Tâmega,199652,460818,660,Metálica,6,Painel Solar e Bateria,Reduzida,59,47949,33.5,42.1,19.3,5.1,0.1,Primária,41.1165116,-8.1372276,OSM,Posto de Vigia Penha Longa,8,6.0,663,metal,DRAEDM,,http://scrif.igeo.pt/ASP/pesque.asp?cod=43,lattice
21-04,Porto,Penafiel,Sebolido,Entre Douro e Minho,Tâmega,182461,455517,484,Metálica,6,Painel Solar e Bateria,Média,55,35034,23.2,38.8,24.8,12.6,0.7,Primária,41.0686072,-8.3417946,OSM,Posto de Vigia Boneca,10,8.0,518,metal,DRAEDM,,http://scrif.igeo.pt/ASP/pesque.asp?cod=44,lattice
21-05,Porto,Paredes,Vandoma,Entre Douro e Minho,Tâmega,178379,470133,510,Metálica,7,Electricidade,Média,51,38644,19.2,39.2,28.8,12.1,0.6,Primária,41.2000833,-8.3908729,Hayford_converted,,,,,,,,,
21-06,Porto,Lousada,Sousela,Entre Douro e Minho,Tâmega,186332,482269,574,Metálica,10.8,Painel Solar e Bateria,Média,27,46019,23.9,40.9,26.4,8.5,0.4,Primária,41.3095254,-8.2962951,OSM,Posto de Vigia Santa Águeda,12,10.0,577,metal,DRAEDM,,http://scrif.igeo.pt/ASP/pesque.asp?cod=46,lattice
29-05,Porto,Trofa,Trofa (Santiago do Bougado),Entre Douro e Minho,Ave,169739,483488,200,Metálica,8,Painel Solar e Bateria,Média,19,28771,4,40.4,38.8,16.1,0.7,Primária,41.3197588,-8.5945521,OSM,Posto de Vigia São Gens,10,8.0,205,metal,DRAEDM,1995,http://scrif.igeo.pt/ASP/pesque.asp?cod=70,lattice
Valongo-2,Porto,Valongo,Valongo,Entre Douro e Minho,Grande Porto,169739,467000,367,Alvenaria,5.5,Electricidade,Média,47,30242,13.8,38,32.1,15.2,0.9,Secundária,41.1715965,-8.4937187,Hayford_converted,,,,,,,,,
36-09,Santarém,Mação,Mação,Beira Interior,Pinhal Interior -Sul,213612,293977,641,Metálica,9.2,Electricidade,Reduzida,10,223283,18.7,67.5,7.6,3.9,2.3,Primária,39.613822,-7.9745836,OSM,Posto de Vigia Bando dos Santos,12,9.2,641,metal,DRABI,1974,http://scrif.igeo.pt/ASP/pesque.asp?cod=102,lattice
36-10,Santarém,Mação,Envedos,Beira Interior,Pinhal Interior -Sul,226395,289174,432,Metálica,4.3,Painel Solar,Reduzida,0,218155,16.6,72.1,5.1,2.2,3.9,Primária,39.5703073,-7.8258761,OSM,Posto de Vigia Castelo Velho,7,4.0,434,metal,DRABI,1992,http://scrif.igeo.pt/ASP/pesque.asp?cod=94,lattice
53-01,Santarém,Coruche,Coruche,Ribatejo e Oeste,Lezíria do Tejo,167307,228170,104,Alvenaria,31,Painel Solar,Nula,61,43649,0,14.7,11.7,9.2,64,Primária,39.0206652,-8.5106047,Hayford_converted,,,,,,,,,
53-02,Santarém,Coruche,Fajarda,Ribatejo e Oeste,Lezíria do Tejo,155283,222456,75,Metálica,10.1,Painel Solar,Reduzida,37,32272,0,9.8,15.8,11,62.7,Primária,38.9686037,-8.649121,OSM,Posto de Vigia Cascavel,12,10.0,81,metal,DRARO,1992,http://scrif.igeo.pt/ASP/pesque.asp?cod=172,lattice
53-03,Santarém,Coruche,Branca,Ribatejo e Oeste,Lezíria do Tejo,166506,208188,133,Metálica,10.4,Painel Solar,Média,16,17162,0,6.1,2.3,6.4,83.4,Primária,38.8406489,-8.5189065,OSM,Posto de Vigia São Torcato,12,10.0,134,metal,DRARO,1991,http://scrif.igeo.pt/ASP/pesque.asp?cod=173,lattice
53-04,Santarém,Benavente,Samora Correia,Ribatejo e Oeste,Lezíria do Tejo,142101,206371,45,Metálica,10.2,Painel Solar,Reduzida,419,20024,0,2.6,14.1,16.9,64.4,Primária,38.822966,-8.7998857,OSM,Posto de Vigia Cabeço da Aranha,10,8.0,46,metal,DRARO,1991,http://scrif.igeo.pt/ASP/pesque.asp?cod=174,lattice
55-01,Santarém,Rio Maior,Rio Maior,Ribatejo e Oeste,Lezíria do Tejo,128965,267570,321,Metálica,6,Electricidade,Reduzida,89,41384,0,15.7,28.6,44.2,11.5,Primária,39.3732293,-8.9570967,OSM,Posto de Vigia Conde,8,6.0,323,metal,DRARO,1991,http://scrif.igeo.pt/ASP/pesque.asp?cod=181,lattice
55-02,Santarém,Almeirim,Almeirim,Ribatejo e Oeste,Lezíria do Tejo,160789,241680,170,Metálica,12,Painel Solar,Reduzida,130,23908,0,21.2,18.7,14.5,45.6,Primária,39.1416804,-8.5865074,OSM,Posto de Vigia Almeirim,14,12.0,170,metal,DRARO,1991,http://scrif.igeo.pt/ASP/pesque.asp?cod=180,lattice
55-03,Santarém,Chamusca,Ulme,Ribatejo e Oeste,Lezíria do Tejo,175467,263133,196,Metálica,10,Painel Solar,Reduzida,43,61229,0.5,42.3,21.1,9.6,26.6,Primária,39.3357331,-8.4175634,OSM,Posto de Vigia Figueiras,12,10.0,198,metal,DRARO,,http://scrif.igeo.pt/ASP/pesque.asp?cod=182,lattice
56-01,Santarém,Ourém,Alburitel,Ribatejo e Oeste,Médio Tejo,166586,297412,268,Alvenaria,14,Electricidade,Média,107,74354,5.1,43.3,23.9,26.2,1.4,Primária,39.6442579,-8.5222731,OSM,Posto de Vigia Alburitel,10,8.0,254,,DRARO,,http://scrif.igeo.pt/ASP/pesque.asp?cod=184,
56-02,Santarém,Sardoal,Alcaravela,Ribatejo e Oeste,Médio Tejo,200205,287636,335,Metálica,9,Painel Solar,Reduzida,89,147141,12.1,63,13.3,6.1,5.5,Primária,39.5568623,-8.1306273,OSM,Posto de Vigia Alcaravela,10,8.0,334,metal,DRARO,2001,http://scrif.igeo.pt/ASP/pesque.asp?cod=185,lattice
56-03,Santarém,Ourém,Matas,Ribatejo e Oeste,Médio Tejo,157132,307502,373,Metálica,12,Painel Solar,Média,40,43660,3.9,34.3,26.3,34.3,1.2,Primária,39.7346716,-8.6328943,OSM,Posto de Vigia Cabeço de Óbidos,10,8.0,374,metal,DRARO,,http://scrif.igeo.pt/ASP/pesque.asp?cod=186,lattice
56-04,Santarém,Tomar,Asseiceira,Ribatejo e Oeste,Médio Tejo,179077,281811,205,Metálica,12,Painel Solar,Nula,1,94417,3.4,54.6,22.2,11.6,8.2,Primária,39.5040779,-8.3762796,OSM,Posto de Vigia Chorafome,14,12.0,207,metal,DRARO,1992,http://scrif.igeo.pt/ASP/pesque.asp?cod=187,lattice
56-05,Santarém,Abrantes,Aldeia do Mato,Ribatejo e Oeste,Médio Tejo,186239,284739,282,Alvenaria,12,Painel Solar,Elevada,169,117733,6.5,59.2,19.3,8.2,6.8,Primária,39.5306554,-8.2930571,OSM,Posto de Vigia Medroa,12,10.0,284,masonry,DRARO,,http://scrif.igeo.pt/ASP/pesque.asp?cod=188,freestanding
56-06,Santarém,Ferreira do Zêzere,Ferreira do Zêzere,Ribatejo e Oeste,Médio Tejo,190352,303621,423,Metálica,8,Painel Solar,Reduzida,26,148539,18.8,52.9,10.2,17.8,0.3,Primária,39.7007849,-8.2454198,OSM,Posto de Vigia Pombeira,6,4.0,428,metal,DRARO,,http://scrif.igeo.pt/ASP/pesque.asp?cod=189,lattice
56-07,Santarém,Abrantes,Bemposta,Ribatejo e Oeste,Médio Tejo,192362,263752,205,Metálica,10,Painel Solar,Reduzida,87,87561,1.5,49.3,12.4,9,27.8,Primária,39.3417132,-8.221584,OSM,Posto de Vigia Sanheira,12,10.0,206,metal,DRARO,1992,http://scrif.igeo.pt/ASP/pesque.asp?cod=190,lattice
56-08,Santarém,Tomar,Serra,Ribatejo e Oeste,Médio Tejo,185606,292423,314,Metálica,20,Electricidade,Média,98,131075,10.7,58.8,19,9.9,1.6,Primária,39.5997966,-8.3005954,OSM,Posto de Vigia Serra de Tomar,20,16.0,319,metal,DRARO,1997,http://scrif.igeo.pt/ASP/pesque.asp?cod=191,lattice
64-01,Santarém,Abrantes,S. Facundo,Alentejo,Médio Tejo,210496,266563,286,Metálica,10,Painel Solar,Média,14,106064,4.5,59.3,6.7,8.2,21.3,Primária,39.3669786,-8.0112604,OSM,Posto de Vigia Vale de Água,12,10.0,284,metal,DRAAL,1992,http://scrif.igeo.pt/ASP/pesque.asp?cod=208,lattice
P-03,Santarém,Alcanena,Minde,Ribatejo e Oeste,Médio Tejo,156610,285376,672,Metálica,4,Electricidade,Elevada,118,48111,0.2,37.7,28.7,29.8,3.5,Secundária,39.5354457,-8.6378068,Hayford_converted,,,,,,,,,
57-01,Setúbal,Palmela,Palmela,Ribatejo e Oeste,Península de Setúbal,129736,174358,389,Madeira,3.4,Electricidade,Média,112,9649,0,0,7.2,14.2,75.5,Primária,38.5336006,-8.9387438,OSM,Posto de Vigia São Luís,6,4.0,392,wood,AFLOPS,2001,http://scrif.igeo.pt/ASP/pesque.asp?cod=193,lattice
57-02,Setúbal,Almada,Charneca da Caparica,Ribatejo e Oeste,Península de Setúbal,108243,178096,110,Metálica,4.3,Painel Solar,Reduzida,91,7152,0,0.2,16.5,26,52.9,Primária,38.5654745,-9.1858855,Hayford_converted,,,,,,,,,
57-03,Setúbal,Sesimbra,Sesimbra (Castelo),Ribatejo e Oeste,Península de Setúbal,113327,174539,31,Alvenaria,6.7,Electricidade,Média,59,6652,0,0.1,14,22.2,59.6,Primária,38.5340326,-9.1270325,OSM,Posto de Vigia Monte Apostiça,8,6.0,30,masonry,HD. APOSTIÇA,1984,http://scrif.igeo.pt/ASP/pesque.asp?cod=195,freestanding
63-01,Setúbal,Santiago do Cacém,Santiago do Cacém,Alentejo,Alentejo Litoral,150552,112845,282,Metálica,8.2,Painel Solar,Reduzida,4,8846,0,2.6,1.5,26.3,69.6,Primária,37.9810376,-8.6958757,OSM,Posto de Vigia Convento,10,8.0,282,metal,DRAAL,1990,http://scrif.igeo.pt/ASP/pesque.asp?cod=200,lattice
63-02,Setúbal,Santiago do Cacém,Cercal,Alentejo,Alentejo Litoral,148951,91659,330,Metálica,8.1,Painel Solar,Elevada,12,25447,1.2,13.2,4.3,33.4,48,Primária,37.7900862,-8.7126096,OSM,Posto de Vigia Cercal,10,8.0,335,metal,DRAAL,1990,http://scrif.igeo.pt/ASP/pesque.asp?cod=201,lattice
70-01,Setúbal,Alcácer do Sal,Alcácer do Sal (Santiago),Alentejo,Alentejo Litoral,171204,151853,132,Metálica,6.4,Painel Solar e Bateria,Reduzida,4,15494,0,1.6,0.9,2.5,93.6,Primária,38.340977,-8.468036,OSM,Posto de Vigia Maceira,8,6.0,118,metal,DRAAL,1990,http://scrif.igeo.pt/ASP/pesque.asp?cod=218,lattice
70-02,Setúbal,Grândola,Melides,Alentejo,Alentejo Litoral,155090,133718,325,Metálica,8.1,Electricidade,Reduzida,11,11899,0,2.3,1.2,10.3,84.3,Primária,38.169291,-8.6456593,OSM,Posto de Vigia da Atalaia,10,8.0,326,metal,DRAAL,1990,http://scrif.igeo.pt/ASP/pesque.asp?cod=219,lattice
70-03,Setúbal,Grândola,Carvalhal,Alentejo,Alentejo Litoral,146169,144395,80,Madeira,7,Electricidade,Nula,2,12370,0,2.5,1.3,10.3,83.9,Primária,38.2649635,-8.7482024,OSM,Posto de Vigia Pinheiro da Cruz,9,6.0,82,masonry,HD. COMPORTA,1994,http://scrif.igeo.pt/ASP/pesque.asp?cod=220,freestanding
70-04,Setúbal,Grândola,Grândola,Alentejo,Alentejo Litoral,168183,126626,194,Alvenaria,5.2,Painel Solar,Média,0,12424,0,2,1.1,11.6,85.4,Primária,38.105939,-8.4958677,OSM,Posto de Vigia Caveira,10,8.0,179,masonry,PORTUCEL,1984,http://scrif.igeo.pt/ASP/pesque.asp?cod=289,freestanding
0-72,Viana do Castelo,Ponte da Barca,Lindoso,Entre Douro e Minho,Minho -Lima,194807,538256,1358,Alvenaria,6.8,Electricidade,Média,0,43246,33.2,43.5,17.5,5.7,0.1,Primária,41.8137156,-8.1956182,Hayford_converted,,,,,,,,,
25-01,Viana do Castelo,Valença,Taião,Entre Douro e Minho,Minho -Lima,164829,557089,777,Alvenaria,3,Painel Solar e Bateria,Elevada,29,22337,22.6,42.2,22.2,12.8,0.2,Primária,41.9825575,-8.5575746,OSM,Posto de Vigia Boalhosa,6,3.0,782,masonry,DRAEDM,1997,http://scrif.igeo.pt/ASP/pesque.asp?cod=52,freestanding
25-02,Viana do Castelo,Monção,Riba de Mouro,Entre Douro e Minho,Minho -Lima,185925,559597,1112,Alvenaria,6.4,Painel Solar e Bateria,Média,39,24972,29,45.2,18.3,7.5,0.1,Primária,42.005741,-8.3030205,Hayford_converted,,,,,,,,,
25-03,Viana do Castelo,Melgaço,Cubalhão,Entre Douro e Minho,Minho -Lima,193001,566347,1197,Metálica,5,Painel Solar e Bateria,Média,16,20373,33.1,47.5,14.6,4.7,0.1,Primária,42.0666087,-8.2176835,OSM,Posto de Vigia Cabeça de Pito,9,6.0,1161,metal,DRAEDM,,http://scrif.igeo.pt/ASP/pesque.asp?cod=54,lattice
25-04,Viana do Castelo,Paredes de Coura,Bico,Entre Douro e Minho,Minho -Lima,168028,544292,882,Alvenaria,6.8,Electricidade,Elevada,30,28722,22.2,40.8,24.2,12.2,0.5,Primária,41.8674285,-8.5182171,Hayford_converted,,,,,,,,,
25-05,Viana do Castelo,Vila Nova de Cerveira,Loivo,Entre Douro e Minho,Minho -Lima,151764,550412,635,Alvenaria,7,Painel Solar e Bateria,Média,18,20488,21,38.3,24.3,15.7,0.6,Primária,41.921694,-8.7146167,OSM,Posto de Vigia Pena,9,7.0,637,masonry,DRAEDM,,http://scrif.igeo.pt/ASP/pesque.asp?cod=56,freestanding
25-06,Viana do Castelo,Caminha,Dem,Entre Douro e Minho,Minho -Lima,148857,540360,723,Alvenaria,9.5,Electricidade,Média,9,21917,19.3,36.6,27.2,16.1,0.7,Primária,41.8310226,-8.7487766,Hayford_converted,,,,,,,,,
28,Viana do Castelo,Viana do Castelo,Montaria,Entre Douro e Minho,Minho -Lima,153892,536891,797,Alvenaria,14,Electricidade,Média,118,24187,18.9,37.4,27.7,15.2,0.7,Primária,41.800101,-8.6878988,Hayford_converted,,,,,,,,,
28-01,Viana do Castelo,Ponte de Lima,Rebordões (Santaia),Entre Douro e Minho,Minho -Lima,161264,527247,560,Alvenaria,7,Painel Solar e Bateria,Reduzida,108,31736,19.8,38.6,26.6,14.4,0.7,Primária,41.713688,-8.5986183,OSM,Posto de Vigia Nora,10,7.0,562,masonry,DRAEDM,,http://scrif.igeo.pt/ASP/pesque.asp?cod=62,freestanding
28-03,Viana do Castelo,Arcos de Valdevez,Soajo,Entre Douro e Minho,Minho -Lima,184139,543974,821,Alvenaria,6.6,Painel Solar e Bateria,Média,125,35085,27.5,42.3,21.1,9,0.1,Primária,41.7288344,-8.4592789,OSM,Posto de Vigia Oural,6,4.8,722,metal,DRAEDM,,http://scrif.igeo.pt/ASP/pesque.asp?cod=64,lattice
0-83,Vila Real,Montalegre,Cabril,Trás-os-Montes,Alto Trás-os-Montes,209895,527084,711,Metálica,8,Painel Solar e Bateria,Média,0,53030,43.9,42.9,11.7,1.5,0,Primária,41.7130872,-8.0142238,Hayford_converted,,,,,,,,,
0-93,Vila Real,Montalegre,Covelães,Trás-os-Montes,Alto Trás-os-Montes,217583,539629,1240,Metálica,8,Painel Solar e Bateria,Reduzida,0,46776,51.2,40.8,7.3,0.7,0,Primária,41.8259091,-7.9212166,OSM,Posto de Vigia Mourela,10,8.0,1256,metal,PNPG,1998,http://scrif.igeo.pt/ASP/pesque.asp?cod=245,lattice
11-01,Vila Real,Montalegre,Viade de Baixo,Trás-os-Montes,Alto Trás-os-Montes,223704,524983,1277,Alvenaria,5,Painel Solar e Bateria,Reduzida,154,53282,54,40,5.8,0.3,0,Primária,41.6938807,-7.8483809,Hayford_converted,,,,,,,,,
11-02,Vila Real,Boticas,Bobadela,Trás-os-Montes,Alto Trás-os-Montes,240430,529373,1153,Alvenaria,5,Electricidade,Média,253,48559,59,37.4,3.6,0,0,Primária,41.7327318,-7.6471712,Hayford_converted,,,,,,,,,
11-03,Vila Real,Ribeira de Pena,Canedo,Entre Douro e Minho,Tâmega,231570,519636,1071,Metálica,6,Painel Solar e Bateria,Reduzida,131,55893,55.4,41.4,3.2,0,0,Primária,41.645489,-7.7541948,OSM,Posto de Vigia Lasanho,8,6.0,1075,metal,DRATM,1984,http://scrif.igeo.pt/ASP/pesque.asp?cod=7,lattice
11-04,Vila Real,Boticas,Covas do Barroso,Trás-os-Montes,Alto Trás-os-Montes,226921,514872,819,Alvenaria,6,Painel Solar e Bateria,Média,37,55934,53.1,42.2,4.6,0.1,0,Primária,41.6027251,-7.8101622,OSM,Posto de Vigia Alto dos Púcaros,5,2.0,750,masonry,DRATM,1992,http://scrif.igeo.pt/ASP/pesque.asp?cod=8,freestanding
11-05,Vila Real,Montalegre,Montalegre,Trás-os-Montes,Alto Trás-os-Montes,226054,536194,1276,Metálica,6,Electricidade,Reduzida,165,49547,57.8,37.3,4.8,0.1,0,Primária,41.7949325,-7.8197061,OSM,Posto de Vigia Ourigo,8,6.0,1279,masonry,DRATM,1984,http://scrif.igeo.pt/ASP/pesque.asp?cod=10,freestanding
11-06,Vila Real,Montalegre,Salto,Trás-os-Montes,Alto Trás-os-Montes,217931,517206,1111,Metálica,8,Painel Solar e Bateria,Média,75,55681,48.6,42.2,8.5,0.7,0,Primária,41.6240418,-7.9179691,OSM,Posto de Vigia Alto da Corneta,10,8.0,1111,metal,DRATM,1988,http://scrif.igeo.pt/ASP/pesque.asp?cod=9,lattice
13-01,Vila Real,Chaves,Travancas,Trás-os-Montes,Alto Trás-os-Montes,269298,541899,960,Alvenaria,6.3,Painel Solar e Bateria,Média,124,29080,46,48.3,5.6,0,0,Primária,41.8435103,-7.2987589,OSM,Posto de Vigia Argemil,6,4.0,959,masonry,DRATM,1961,http://scrif.igeo.pt/ASP/pesque.asp?cod=16,freestanding
13-02,Vila Real,Chaves,Vilar de Nantes,Trás-os-Montes,Alto Trás-os-Montes,257875,525587,919,Metálica,7.5,Electricidade,Reduzida,168,49644,54.2,41.1,4.7,0,0,Primária,41.6975707,-7.43787,Hayford_converted,,,,,,,,,
13-03,Vila Real,Valpaços,S. Pedro de Veiga de Lila,Trás-os-Montes,Alto Trás-os-Montes,266852,500491,1009,Alvenaria,5,Electricidade,Reduzida,271,58220,50,49.8,0.1,0,0,Primária,41.4709075,-7.3328665,OSM,Posto de Vigia Santa Comba,6,4.0,1014,masonry,DRATM,1961,http://scrif.igeo.pt/ASP/pesque.asp?cod=18,freestanding
13-04,Vila Real,Valpaços,Vilarandelo,Trás-os-Montes,Alto Trás-os-Montes,268171,523879,669,Metálica,6.7,Painel Solar e Bateria,Nula,159,47914,52.2,44.3,3.5,0,0,Primária,41.6813803,-7.3143904,Hayford_converted,,,,,,,,,
18-01,Vila Real,Vila Pouca de Aguiar,Pensalvos,Trás-os-Montes,Alto Trás-os-Montes,237073,508972,1198,Alvenaria,5.5,Electricidade,Reduzida,210,59133,52.3,45.2,2.5,0,0,Primária,41.5492202,-7.6887813,Hayford_converted,,,,,,,,,
18-02,Vila Real,Vila Pouca de Aguiar,Telões,Trás-os-Montes,Alto Trás-os-Montes,240677,494968,1130,Alvenaria,6,Painel Solar e Bateria,Reduzida,189,66168,55.1,44,0.9,0,0,Primária,41.422932,-7.6464613,OSM,Posto de Vigia Cabreiro,7,5.0,1128,masonry,DRATM,1966,http://scrif.igeo.pt/ASP/pesque.asp?cod=31,freestanding
18-03,Vila Real,Vila Pouca de Aguiar,Tresminas,Trás-os-Montes,Alto Trás-os-Montes,250643,506476,1051,Metálica,8.9,Painel Solar e Bateria,Média,165,60765,54.8,43.7,1.5,0,0,Primária,41.5260661,-7.5261704,OSM,Posto de Vigia Sevivas,8,6.0,1049,metal,DRATM,1987,http://scrif.igeo.pt/ASP/pesque.asp?cod=32,lattice
18-04,Vila Real,Murça,Carva,Trás-os-Montes,Alto Trás-os-Montes,247779,492367,1030,Alvenaria,6.6,Painel Solar e Bateria,Reduzida,209,63468,58.2,41.3,0.5,0,0,Primária,41.3991535,-7.5617829,Hayford_converted,,,,,,,,,
18-05,Vila Real,Murça,Valongo de Milhais,Trás-os-Montes,Alto Trás-os-Montes,256606,496028,732,Metálica,5,Painel Solar e Bateria,Nula,226,60531,55.7,44.1,0.2,0,0,Primária,41.4315625,-7.4558957,OSM,Posto de Vigia Murça,6,4.0,734,metal,DRATM,1994,http://scrif.igeo.pt/ASP/pesque.asp?cod=34,lattice
19-01,Vila Real,Vila Real,Abaças,Trás-os-Montes,Douro,238594,474034,720,Metálica,4,Painel Solar e Bateria,Nula,442,69682,60.7,38.1,1.2,0,0,Primária,41.2346137,-7.672759,OSM,Posto de Vigia Senhora da Guia,4,2.0,728,metal,DRATM,1984,http://scrif.igeo.pt/ASP/pesque.asp?cod=35,lattice
19-02,Vila Real,Vila Real,S. Tomédo Castelo,Trás-os-Montes,Douro,237104,489578,813,Alvenaria,4,Electricidade,Reduzida,233,68745,56,42.9,1.1,0,0,Primária,41.3746235,-7.6895857,OSM,Posto de Vigia São Bento,4,1.5,785,masonry,DRATM,1991,http://scrif.igeo.pt/ASP/pesque.asp?cod=36,freestanding
19-03,Vila Real,Sabrosa,Paços,Trás-os-Montes,Douro,244682,470815,860,Metálica,8,Painel Solar e Bateria,Média,91,70253,62.8,36.3,0.9,0,0,Primária,41.205252,-7.6005001,OSM,Posto de Vigia São Domingos,10,8.0,862,metal,DRATM,1991,http://scrif.igeo.pt/ASP/pesque.asp?cod=37,freestanding
19-04,Vila Real,Vila Real,Campeã,Trás-os-Montes,Douro,219866,477629,1340,Alvenaria,8,Electricidade,Média,151,64749,51.6,40.8,7.6,0,0,Primária,41.2676123,-7.8959929,OSM,Posto de Vigia Marão,7,5.0,1349,masonry,DRATM,1993,http://scrif.igeo.pt/ASP/pesque.asp?cod=38,freestanding
19-05,Vila Real,Alijó,Alijó,Trás-os-Montes,Douro,258853,481958,810,Metálica,4,Painel Solar e Bateria,Média,203,61231,57.7,42,0.3,0,0,Primária,41.3092145,-7.4363992,OSM,Posto de Vigia Burneira,5,3.0,815,metal,DRATM,1993,http://scrif.igeo.pt/ASP/pesque.asp?cod=39,lattice
27-01,Vila Real,Ribeira de Pena,Ribeira de Pena (Salvador),Entre Douro e Minho,Tâmega,222732,502901,782,Metálica,6,Electricidade,Média,45,59393,46.7,46.5,6.6,0.2,0,Primária,41.4950369,-7.8609505,OSM,Posto de Vigia Calvo,8,6.0,785,metal,DRAEDM,,http://scrif.igeo.pt/ASP/pesque.asp?cod=57,lattice
27-02,Vila Real,Mondim de Basto,Vilar de Ferreiros,Entre Douro e Minho,Tâmega,218637,494397,914,Alvenaria,6,Painel Solar e Bateria,Média,40,62571,45.9,45.6,8.2,0.3,0,Primária,41.4165325,-7.9156505,OSM,Posto de Vigia Senhora da Graça,20,18.0,985,,DRAEDM,,http://scrif.igeo.pt/ASP/pesque.asp?cod=58,
27-03,Vila Real,Mondim de Basto,Campanhó,Entre Douro e Minho,Tâmega,216683,485581,698,Metálica,5,Painel Solar e Bateria,Média,58,63708,46.9,43.4,9.6,0.1,0,Primária,41.3393059,-7.9338502,OSM,Posto de Vigia Campanhó,11,8.0,704,metal,DRAEDM,1996,http://scrif.igeo.pt/ASP/pesque.asp?cod=59,lattice
27-04,Vila Real,Ribeira de Pena,Santainha,Entre Douro e Minho,Tâmega,227480,509942,701,Alvenaria,5.5,Painel Solar e Bateria,Reduzida,20,58884,50.6,44.6,4.8,0,0,Primária,41.5582427,-7.8040003,OSM,Posto de Vigia Bezerral,12,9.0,705,metal,DRAEDM,1998,http://scrif.igeo.pt/ASP/pesque.asp?cod=60,lattice
14-01,Viseu,Tarouca,Tarouca,Trás-os-Montes,Douro,227490,448905,1089,Alvenaria,6.5,Painel Solar e Bateria,Elevada,239,53991,55.5,41.1,3.4,0,0,Primária,41.0087988,-7.8063228,OSM,Posto de Vigia Santa Helena,7,5.0,1090,masonry,DRATM,1963,http://scrif.igeo.pt/ASP/pesque.asp?cod=20,freestanding
14-02,Viseu,Lamego,Penude,Trás-os-Montes,Tâmega,222680,459083,1120,Metálica,4,Painel Solar e Bateria,Média,196,59373,51.8,42.9,5.3,0,0,Primária,41.1004366,-7.8631851,OSM,Posto de Vigia de Meadas,6,4.0,1111,metal,DRATM,1982,http://scrif.igeo.pt/ASP/pesque.asp?cod=21,lattice
14-03,Viseu,Armamar,Cimbres,Trás-os-Montes,Douro,237974,452910,952,Alvenaria,7,Painel Solar e Bateria,Média,193,68113,63.1,35.6,1.3,0,0,Primária,41.0443803,-7.6815232,OSM,Posto de Vigia Armamar,8,6.0,955,metal,DRATM,1988,http://scrif.igeo.pt/ASP/pesque.asp?cod=22,lattice
14-04,Viseu,Penedono,Penela da Beira,Trás-os-Montes,Douro,258897,452257,990,Alvenaria,8.5,Painel Solar e Bateria,Reduzida,185,84231,67,31.4,1.6,0,0,Primária,41.0372786,-7.4327058,OSM,Posto de Vigia Penela da Beira,7,5.0,985,masonry,DRATM,1972,http://scrif.igeo.pt/ASP/pesque.asp?cod=23,freestanding
21-02,Viseu,Resende,S. Romão de Aregos,Entre Douro e Minho,Tâmega,212599,456017,857,Metálica,8,Painel Solar e Bateria,Média,41,52058,43.9,44.1,12,0.1,0,Primária,41.0731879,-7.9831715,OSM,Posto de Vigia Seculca,10,8.0,891,metal,DRAEDM,,http://scrif.igeo.pt/ASP/pesque.asp?cod=42,lattice
33-04,Viseu,Mangualde,Abrunhosa-a-Velha,Beira Litoral,Dão-Lafões,240236,403116,760,Metálica,6,Painel Solar e Bateria,Reduzida,272,97575,73,21.6,5.5,0,0,Primária,40.595902,-7.6573495,OSM,Posto de Vigia Poisadas,9,6.0,766,metal,DRABI,1985,http://scrif.igeo.pt/ASP/pesque.asp?cod=83,lattice
45-01,Viseu,Viseu,Campo,Beira Litoral,Dão-Lafões,217931,414402,632,Metálica,20,Electricidade,Reduzida,585,58563,54,31.5,11.6,2.9,0,Primária,40.6983529,-7.9209093,OSM,Posto de Vigia Monte de Santa Luzía,23,20.0,638,metal,DRABL,1999,http://scrif.igeo.pt/ASP/pesque.asp?cod=144,lattice
45-02,Viseu,Viseu,Cota,Beira Litoral,Dão-Lafões,224839,426201,880,Alvenaria,7,Painel Solar e Bateria,Média,382,62369,57.8,37.1,5.1,0,0,Primária,40.8044132,-7.8387581,Hayford_converted,,,,,,,,,
45-03,Viseu,Viseu,Cota,Beira Litoral,Dão-Lafões,229670,425605,825,Alvenaria,7,Painel Solar e Bateria,Média,327,68300,62,35,3,0,0,Primária,40.7988864,-7.7815376,Hayford_converted,,,,,,,,,
45-04,Viseu,Satão,Mioma,Beira Litoral,Dão-Lafões,235076,421157,732,Metálica,16,Electricidade,Reduzida,216,79477,67.8,29.2,3,0,0,Primária,40.7586608,-7.7176838,OSM,Posto de Vigia Monte do Facho,18,16.0,738,metal,DRABL,2000,http://scrif.igeo.pt/ASP/pesque.asp?cod=147,lattice
45-05,Viseu,Carregal do Sal,Oliveira do Conde,Beira Litoral,Dão-Lafões,215456,387515,317,Alvenaria,21,Electricidade,Média,107,56978,50.7,28.6,13.5,7.2,0,Primária,40.4563098,-7.9508125,OSM,Posto de Vigia Fiais da Telha,22,16.0,313,,CM CARREGAL DO SAL,1990,http://scrif.igeo.pt/ASP/pesque.asp?cod=148,
46-01,Viseu,Oliveira de Frades,Arca,Beira Litoral,Dão Lafões,190666,405384,723,Alvenaria,7,Electricidade,Média,29,26368,23.3,32.4,18.4,24.5,1.3,Primária,40.6172775,-8.2434145,Hayford_converted,,,,,,,,,
46-02,Viseu,Oliveira de Frades,Arcozelo das Maias,Beira Litoral,Dão Lafões,186914,414811,800,Alvenaria,7,Painel Solar,Média,38,29417,22.5,32.3,20.6,23.3,1.4,Primária,40.7020999,-8.2878934,OSM,Posto de Vigia Cruzes,10,6.4,805,masonry,DRABL,1972,http://scrif.igeo.pt/ASP/pesque.asp?cod=151,freestanding
46-03,Viseu,Vouzela,Ventosa,Beira Litoral,Dão Lafões,200809,413464,880,Alvenaria,7,Electricidade,Média,88,38372,34,32.5,17.4,15.6,0.5,Primária,40.6899404,-8.1235707,OSM,Posto de Vigia Penoita,10,6.4,881,masonry,DRABL,1973,http://scrif.igeo.pt/ASP/pesque.asp?cod=152,freestanding
46-04,Viseu,Tondela,Guardão,Beira Litoral,Dão Lafões,196355,401319,1054,Alvenaria,6,Painel Solar,Média,246,29409,29.5,31.2,16.5,21.8,1,Primária,40.5807166,-8.1761616,Hayford_converted,,,,,,,,,
46-05,Viseu,Mortágua,Sobral,Beira Litoral,Dão Lafões,195068,386256,405,Metálica,12,Painel Solar,Reduzida,24,34064,29.4,28.8,16.4,25.1,0.2,Primária,40.4450881,-8.1913337,OSM,Posto de Vigia Chão Miúdo,15,12.0,405,metal,DRABL,1990,http://scrif.igeo.pt/ASP/pesque.asp?cod=154,lattice
46-06,Viseu,Tondela,Vila Nova da Rainha,Beira Litoral,Dão Lafões,204281,390371,371,Metálica,16,Painel Solar,Reduzida,187,44029,40.4,28.1,15.4,16,0,Primária,40.4821896,-8.0826216,OSM,Posto de Vigia Senhora da Esperança,19,16.0,373,metal,DRABL,1990,http://scrif.igeo.pt/ASP/pesque.asp?cod=155,lattice
46-07,Viseu,São Pedro do Sul,Valadares,Beira Litoral,Dão Lafões,194421,424260,890,Metálica,7,Painel Solar,Reduzida,134,36950,29.1,34.6,19.3,15.9,1.1,Primária,40.787323,-8.1991417,OSM,Posto de Vigia Gravia,9,6.0,891,metal,DRABL,1987,http://scrif.igeo.pt/ASP/pesque.asp?cod=156,lattice
46-08,Viseu,São Pedro do Sul,S.tinho das Moitas,Beira Litoral,Dão Lafões,206107,434062,1050,Alvenaria,7,Electricidade,Média,252,47027,38.7,39.3,15.1,6.9,0,Primária,40.8755511,-8.0606649,Hayford_converted,,,,,,,,,
46-09,Viseu,Mortágua,Sobral,Beira Litoral,Dão Lafões,190793,393377,765,Metálica,12,Painel Solar,Reduzida,39,24454,23.7,30.6,17.2,27.4,1.2,Primária,40.5092275,-8.24193,OSM,Posto de Vigia Cabeço do Boi,15,12.0,768,metal,DRABL,1998,http://scrif.igeo.pt/ASP/pesque.asp?cod=158,lattice
47-06,Viseu,Mortágua,Espinho,Beira Litoral,Baixo Vouga,183559,391345,475,Metálica,8,Painel Solar,Muito Elevada,14,15817,17.3,30.1,18.5,32.6,1.4,Primária,40.4907038,-8.3269565,OSM,Posto de Vigia Moinho do Pisco,10,8.0,475,metal,DRABL,1988,http://scrif.igeo.pt/ASP/pesque.asp?cod=164,lattice
66-01,Évora,Montemor-o-Novo,Lavre,Alentejo,Alentejo Central,187490,204826,221,Metálica,8,Painel Solar,Nula,8,,0,0.1,0.1,0.8,92.4,Primária,38.81087,-8.2771371,OSM,Posto de Vigia Godeal,10,8.0,222,metal,DRAAL,1992,http://scrif.igeo.pt/ASP/pesque.asp?cod=213,lattice
66-02,Évora,Viana do Alentejo,Alcáçovas,Alentejo,Alentejo Central,194629,159641,280,Metálica,10,Electricidade,Reduzida,10,,0,0.1,0.1,0.8,99,Primária,38.4039056,-8.1946585,OSM,Posto de Vigia Senhora da Esperança,12,10.0,282,metal,DRAAL,1992,http://scrif.igeo.pt/ASP/pesque.asp?cod=214,lattice
68-01,Évora,Estremoz,Glória,Alentejo,Alentejo Central,247730,197013,652,Metálica,8.2,Electricidade,Reduzida,13,,0,3.08,4.73,9.51,82.67,Primária,38.7393346,-7.5841266,Hayford_converted,,,,,,,,,
51-02,,,,,,,,58,,,,,,,,,,,,,39.3752539,-9.2906864,OSM_only,Posto de Vigia Vale Grande,,,58,,CM PENICHE,,http://scrif.igeo.pt/ASP/pesque.asp?cod=166,
P03,,,,,,,,678,,,,,,,,,,,,,39.5354347,-8.6376735,OSM_only,Posto de Vigia Aire,6,4.0,678,metal,PNSAC,1989,http://scrif.igeo.pt/ASP/pesque.asp?cod=235,lattice
M. ATALAIA,,,,,,,,206,,,,,,,,,,,,,38.0768721,-8.5193908,OSM_only,Moinho da Atalaia,10,8.0,206,masonry,PORTUCEL,1980,http://scrif.igeo.pt/ASP/pesque.asp?cod=229,freestanding
54-02,,,,,,,,326,,,,,,,,,,,,,38.7779046,-9.4726725,OSM_only,Posto de Vigia Cabeço do Outeiro,,,326,,DRA,,http://scrif.igeo.pt/ASP/pesque.asp?cod=176,
S.OSSA-1,,,,,,,,428,,,,,,,,,,,,,38.7457762,-7.6123868,OSM_only,Posto de Vigia Serra de Ossa 1,,,428,,PORTUCEL,,http://scrif.igeo.pt/ASP/pesque.asp?cod=236,freestanding
P3,,,,,,,,138,,,,,,,,,,,,,37.1384153,-8.8789485,OSM_only,Posto de Vigia Monteiros,12,10.0,138,metal,PNSACV,1992,http://scrif.igeo.pt/ASP/pesque.asp?cod=234,lattice
33-01,,,,,,,,1595,,,,,,,,,,,,,40.4724552,-7.5393104,OSM_only,Posto de Vigia Santinha,,,1595,,DRA,,http://scrif.igeo.pt/ASP/pesque.asp?cod=80,
0-92,,,,,,,,772,,,,,,,,,,,,,41.7130761,-8.0142531,OSM_only,Posto de Vigia São Lourenço,10,8.0,772,metal,PNPG,1989,http://scrif.igeo.pt/ASP/pesque.asp?cod=4,lattice
P1,,,,,,,,118,,,,,,,,,,,,,37.3269914,-8.8100848,OSM_only,Posto de Vigia Mariares,8,6.0,118,metal,PNSACV,1992,http://scrif.igeo.pt/ASP/pesque.asp?cod=232,lattice
VALONGO-2,,,,,,,,366,,,,,,,,,,,,,41.174802,-8.4954969,OSM_only,Posto de Vigia Santa Justa,8,6.0,366,masonry,PORTUCEL,,,freestanding
P02,,,,,,,,547,,,,,,,,,,,,,39.5701199,-8.8510559,OSM_only,Posto de Vigia Penedos Negros,10,8.0,547,metal,PNSAC,1989,http://scrif.igeo.pt/ASP/pesque.asp?cod=231,lattice
55-05,,,,,,,,149,,,,,,,,,,,,,39.2059128,-8.9675746,OSM_only,Posto de Vigia Alcoentre,,,149,,EMPORSIL,,http://scrif.igeo.pt/ASP/pesque.asp?cod=183,
P2,,,,,,,,182,,,,,,,,,,,,,37.2616003,-8.8203799,OSM_only,Posto de Vigia Valinhos,14,12.0,182,metal,PNSACV,1992,http://scrif.igeo.pt/ASP/pesque.asp?cod=233,lattice
P01,,,,,,,,483,,,,,,,,,,,,,39.4692163,-8.8875993,OSM_only,Posto de Vigia Vale de Ventos,6,4.0,483,metal,PNSAC,1989,http://scrif.igeo.pt/ASP/pesque.asp?cod=230,lattice
